--
-- PostgreSQL database dump
--

-- Dumped from database version 17.2 (Debian 17.2-1.pgdg120+1)
-- Dumped by pg_dump version 17.2 (Debian 17.2-1.pgdg120+1)

SET statement_timeout = 0;
SET lock_timeout = 0;
SET idle_in_transaction_session_timeout = 0;
SET transaction_timeout = 0;
SET client_encoding = 'UTF8';
SET standard_conforming_strings = on;
SELECT pg_catalog.set_config('search_path', '', false);
SET check_function_bodies = false;
SET xmloption = content;
SET client_min_messages = warning;
SET row_security = off;

SET default_tablespace = '';

SET default_table_access_method = heap;

--
-- Name: auth_group; Type: TABLE; Schema: public; Owner: master
--

CREATE TABLE public.auth_group (
    id integer NOT NULL,
    name character varying(150) NOT NULL
);


ALTER TABLE public.auth_group OWNER TO master;

--
-- Name: auth_group_id_seq; Type: SEQUENCE; Schema: public; Owner: master
--

ALTER TABLE public.auth_group ALTER COLUMN id ADD GENERATED BY DEFAULT AS IDENTITY (
    SEQUENCE NAME public.auth_group_id_seq
    START WITH 1
    INCREMENT BY 1
    NO MINVALUE
    NO MAXVALUE
    CACHE 1
);


--
-- Name: auth_group_permissions; Type: TABLE; Schema: public; Owner: master
--

CREATE TABLE public.auth_group_permissions (
    id bigint NOT NULL,
    group_id integer NOT NULL,
    permission_id integer NOT NULL
);


ALTER TABLE public.auth_group_permissions OWNER TO master;

--
-- Name: auth_group_permissions_id_seq; Type: SEQUENCE; Schema: public; Owner: master
--

ALTER TABLE public.auth_group_permissions ALTER COLUMN id ADD GENERATED BY DEFAULT AS IDENTITY (
    SEQUENCE NAME public.auth_group_permissions_id_seq
    START WITH 1
    INCREMENT BY 1
    NO MINVALUE
    NO MAXVALUE
    CACHE 1
);


--
-- Name: auth_permission; Type: TABLE; Schema: public; Owner: master
--

CREATE TABLE public.auth_permission (
    id integer NOT NULL,
    name character varying(255) NOT NULL,
    content_type_id integer NOT NULL,
    codename character varying(100) NOT NULL
);


ALTER TABLE public.auth_permission OWNER TO master;

--
-- Name: auth_permission_id_seq; Type: SEQUENCE; Schema: public; Owner: master
--

ALTER TABLE public.auth_permission ALTER COLUMN id ADD GENERATED BY DEFAULT AS IDENTITY (
    SEQUENCE NAME public.auth_permission_id_seq
    START WITH 1
    INCREMENT BY 1
    NO MINVALUE
    NO MAXVALUE
    CACHE 1
);


--
-- Name: auth_user; Type: TABLE; Schema: public; Owner: master
--

CREATE TABLE public.auth_user (
    id integer NOT NULL,
    password character varying(128) NOT NULL,
    last_login timestamp with time zone,
    is_superuser boolean NOT NULL,
    username character varying(150) NOT NULL,
    first_name character varying(150) NOT NULL,
    last_name character varying(150) NOT NULL,
    email character varying(254) NOT NULL,
    is_staff boolean NOT NULL,
    is_active boolean NOT NULL,
    date_joined timestamp with time zone NOT NULL
);


ALTER TABLE public.auth_user OWNER TO master;

--
-- Name: auth_user_groups; Type: TABLE; Schema: public; Owner: master
--

CREATE TABLE public.auth_user_groups (
    id bigint NOT NULL,
    user_id integer NOT NULL,
    group_id integer NOT NULL
);


ALTER TABLE public.auth_user_groups OWNER TO master;

--
-- Name: auth_user_groups_id_seq; Type: SEQUENCE; Schema: public; Owner: master
--

ALTER TABLE public.auth_user_groups ALTER COLUMN id ADD GENERATED BY DEFAULT AS IDENTITY (
    SEQUENCE NAME public.auth_user_groups_id_seq
    START WITH 1
    INCREMENT BY 1
    NO MINVALUE
    NO MAXVALUE
    CACHE 1
);


--
-- Name: auth_user_id_seq; Type: SEQUENCE; Schema: public; Owner: master
--

ALTER TABLE public.auth_user ALTER COLUMN id ADD GENERATED BY DEFAULT AS IDENTITY (
    SEQUENCE NAME public.auth_user_id_seq
    START WITH 1
    INCREMENT BY 1
    NO MINVALUE
    NO MAXVALUE
    CACHE 1
);


--
-- Name: auth_user_user_permissions; Type: TABLE; Schema: public; Owner: master
--

CREATE TABLE public.auth_user_user_permissions (
    id bigint NOT NULL,
    user_id integer NOT NULL,
    permission_id integer NOT NULL
);


ALTER TABLE public.auth_user_user_permissions OWNER TO master;

--
-- Name: auth_user_user_permissions_id_seq; Type: SEQUENCE; Schema: public; Owner: master
--

ALTER TABLE public.auth_user_user_permissions ALTER COLUMN id ADD GENERATED BY DEFAULT AS IDENTITY (
    SEQUENCE NAME public.auth_user_user_permissions_id_seq
    START WITH 1
    INCREMENT BY 1
    NO MINVALUE
    NO MAXVALUE
    CACHE 1
);


--
-- Name: django_admin_log; Type: TABLE; Schema: public; Owner: master
--

CREATE TABLE public.django_admin_log (
    id integer NOT NULL,
    action_time timestamp with time zone NOT NULL,
    object_id text,
    object_repr character varying(200) NOT NULL,
    action_flag smallint NOT NULL,
    change_message text NOT NULL,
    content_type_id integer,
    user_id integer NOT NULL,
    CONSTRAINT django_admin_log_action_flag_check CHECK ((action_flag >= 0))
);


ALTER TABLE public.django_admin_log OWNER TO master;

--
-- Name: django_admin_log_id_seq; Type: SEQUENCE; Schema: public; Owner: master
--

ALTER TABLE public.django_admin_log ALTER COLUMN id ADD GENERATED BY DEFAULT AS IDENTITY (
    SEQUENCE NAME public.django_admin_log_id_seq
    START WITH 1
    INCREMENT BY 1
    NO MINVALUE
    NO MAXVALUE
    CACHE 1
);


--
-- Name: django_content_type; Type: TABLE; Schema: public; Owner: master
--

CREATE TABLE public.django_content_type (
    id integer NOT NULL,
    app_label character varying(100) NOT NULL,
    model character varying(100) NOT NULL
);


ALTER TABLE public.django_content_type OWNER TO master;

--
-- Name: django_content_type_id_seq; Type: SEQUENCE; Schema: public; Owner: master
--

ALTER TABLE public.django_content_type ALTER COLUMN id ADD GENERATED BY DEFAULT AS IDENTITY (
    SEQUENCE NAME public.django_content_type_id_seq
    START WITH 1
    INCREMENT BY 1
    NO MINVALUE
    NO MAXVALUE
    CACHE 1
);


--
-- Name: django_migrations; Type: TABLE; Schema: public; Owner: master
--

CREATE TABLE public.django_migrations (
    id bigint NOT NULL,
    app character varying(255) NOT NULL,
    name character varying(255) NOT NULL,
    applied timestamp with time zone NOT NULL
);


ALTER TABLE public.django_migrations OWNER TO master;

--
-- Name: django_migrations_id_seq; Type: SEQUENCE; Schema: public; Owner: master
--

ALTER TABLE public.django_migrations ALTER COLUMN id ADD GENERATED BY DEFAULT AS IDENTITY (
    SEQUENCE NAME public.django_migrations_id_seq
    START WITH 1
    INCREMENT BY 1
    NO MINVALUE
    NO MAXVALUE
    CACHE 1
);


--
-- Name: django_session; Type: TABLE; Schema: public; Owner: master
--

CREATE TABLE public.django_session (
    session_key character varying(40) NOT NULL,
    session_data text NOT NULL,
    expire_date timestamp with time zone NOT NULL
);


ALTER TABLE public.django_session OWNER TO master;

--
-- Name: monitor_branch; Type: TABLE; Schema: public; Owner: master
--

CREATE TABLE public.monitor_branch (
    id bigint NOT NULL,
    name character varying(255) NOT NULL,
    notes text NOT NULL,
    created_at timestamp with time zone NOT NULL,
    plan_id bigint NOT NULL
);


ALTER TABLE public.monitor_branch OWNER TO master;

--
-- Name: monitor_branch_id_seq; Type: SEQUENCE; Schema: public; Owner: master
--

ALTER TABLE public.monitor_branch ALTER COLUMN id ADD GENERATED BY DEFAULT AS IDENTITY (
    SEQUENCE NAME public.monitor_branch_id_seq
    START WITH 1
    INCREMENT BY 1
    NO MINVALUE
    NO MAXVALUE
    CACHE 1
);


--
-- Name: monitor_calendartask; Type: TABLE; Schema: public; Owner: master
--

CREATE TABLE public.monitor_calendartask (
    id bigint NOT NULL,
    date date NOT NULL,
    name character varying(255) NOT NULL,
    task_type character varying(50) NOT NULL,
    priority character varying(50) NOT NULL
);


ALTER TABLE public.monitor_calendartask OWNER TO master;

--
-- Name: monitor_calendartask_id_seq; Type: SEQUENCE; Schema: public; Owner: master
--

ALTER TABLE public.monitor_calendartask ALTER COLUMN id ADD GENERATED BY DEFAULT AS IDENTITY (
    SEQUENCE NAME public.monitor_calendartask_id_seq
    START WITH 1
    INCREMENT BY 1
    NO MINVALUE
    NO MAXVALUE
    CACHE 1
);


--
-- Name: monitor_plan; Type: TABLE; Schema: public; Owner: master
--

CREATE TABLE public.monitor_plan (
    id bigint NOT NULL,
    title character varying(255) NOT NULL,
    description text NOT NULL,
    created_at timestamp with time zone NOT NULL
);


ALTER TABLE public.monitor_plan OWNER TO master;

--
-- Name: monitor_plan_id_seq; Type: SEQUENCE; Schema: public; Owner: master
--

ALTER TABLE public.monitor_plan ALTER COLUMN id ADD GENERATED BY DEFAULT AS IDENTITY (
    SEQUENCE NAME public.monitor_plan_id_seq
    START WITH 1
    INCREMENT BY 1
    NO MINVALUE
    NO MAXVALUE
    CACHE 1
);


--
-- Name: monitor_quote; Type: TABLE; Schema: public; Owner: master
--

CREATE TABLE public.monitor_quote (
    id bigint NOT NULL,
    text text NOT NULL
);


ALTER TABLE public.monitor_quote OWNER TO master;

--
-- Name: monitor_quote_id_seq; Type: SEQUENCE; Schema: public; Owner: master
--

ALTER TABLE public.monitor_quote ALTER COLUMN id ADD GENERATED BY DEFAULT AS IDENTITY (
    SEQUENCE NAME public.monitor_quote_id_seq
    START WITH 1
    INCREMENT BY 1
    NO MINVALUE
    NO MAXVALUE
    CACHE 1
);


--
-- Name: monitor_todotask; Type: TABLE; Schema: public; Owner: master
--

CREATE TABLE public.monitor_todotask (
    id bigint NOT NULL,
    task_name character varying(255) NOT NULL
);


ALTER TABLE public.monitor_todotask OWNER TO master;

--
-- Name: monitor_todotask_id_seq; Type: SEQUENCE; Schema: public; Owner: master
--

ALTER TABLE public.monitor_todotask ALTER COLUMN id ADD GENERATED BY DEFAULT AS IDENTITY (
    SEQUENCE NAME public.monitor_todotask_id_seq
    START WITH 1
    INCREMENT BY 1
    NO MINVALUE
    NO MAXVALUE
    CACHE 1
);


--
-- Name: monitor_userinput; Type: TABLE; Schema: public; Owner: master
--

CREATE TABLE public.monitor_userinput (
    id bigint NOT NULL,
    date date NOT NULL,
    read_bible boolean NOT NULL,
    cultivated_relationships boolean NOT NULL,
    book_reading boolean NOT NULL,
    exercised_or_played boolean NOT NULL,
    hurt_someone boolean NOT NULL,
    loved_someone character varying(100) NOT NULL,
    daily_summary text NOT NULL,
    healthy_eating boolean NOT NULL,
    maintained_purity boolean NOT NULL,
    prayer_god boolean NOT NULL,
    studying_machine_learning boolean NOT NULL,
    wasted_time boolean NOT NULL,
    woke_up_at_5am boolean NOT NULL
);


ALTER TABLE public.monitor_userinput OWNER TO master;

--
-- Name: monitor_userinput_id_seq; Type: SEQUENCE; Schema: public; Owner: master
--

ALTER TABLE public.monitor_userinput ALTER COLUMN id ADD GENERATED BY DEFAULT AS IDENTITY (
    SEQUENCE NAME public.monitor_userinput_id_seq
    START WITH 1
    INCREMENT BY 1
    NO MINVALUE
    NO MAXVALUE
    CACHE 1
);


--
-- Data for Name: auth_group; Type: TABLE DATA; Schema: public; Owner: master
--

COPY public.auth_group (id, name) FROM stdin;
\.


--
-- Data for Name: auth_group_permissions; Type: TABLE DATA; Schema: public; Owner: master
--

COPY public.auth_group_permissions (id, group_id, permission_id) FROM stdin;
\.


--
-- Data for Name: auth_permission; Type: TABLE DATA; Schema: public; Owner: master
--

COPY public.auth_permission (id, name, content_type_id, codename) FROM stdin;
1	Can add log entry	1	add_logentry
2	Can change log entry	1	change_logentry
3	Can delete log entry	1	delete_logentry
4	Can view log entry	1	view_logentry
5	Can add permission	2	add_permission
6	Can change permission	2	change_permission
7	Can delete permission	2	delete_permission
8	Can view permission	2	view_permission
9	Can add group	3	add_group
10	Can change group	3	change_group
11	Can delete group	3	delete_group
12	Can view group	3	view_group
13	Can add user	4	add_user
14	Can change user	4	change_user
15	Can delete user	4	delete_user
16	Can view user	4	view_user
17	Can add content type	5	add_contenttype
18	Can change content type	5	change_contenttype
19	Can delete content type	5	delete_contenttype
20	Can view content type	5	view_contenttype
21	Can add session	6	add_session
22	Can change session	6	change_session
23	Can delete session	6	delete_session
24	Can view session	6	view_session
25	Can add user input	7	add_userinput
26	Can change user input	7	change_userinput
27	Can delete user input	7	delete_userinput
28	Can view user input	7	view_userinput
29	Can add quote	8	add_quote
30	Can change quote	8	change_quote
31	Can delete quote	8	delete_quote
32	Can view quote	8	view_quote
33	Can add calendar task	9	add_calendartask
34	Can change calendar task	9	change_calendartask
35	Can delete calendar task	9	delete_calendartask
36	Can view calendar task	9	view_calendartask
37	Can add todo task	10	add_todotask
38	Can change todo task	10	change_todotask
39	Can delete todo task	10	delete_todotask
40	Can view todo task	10	view_todotask
41	Can add plan	11	add_plan
42	Can change plan	11	change_plan
43	Can delete plan	11	delete_plan
44	Can view plan	11	view_plan
45	Can add branch	12	add_branch
46	Can change branch	12	change_branch
47	Can delete branch	12	delete_branch
48	Can view branch	12	view_branch
\.


--
-- Data for Name: auth_user; Type: TABLE DATA; Schema: public; Owner: master
--

COPY public.auth_user (id, password, last_login, is_superuser, username, first_name, last_name, email, is_staff, is_active, date_joined) FROM stdin;
1	pbkdf2_sha256$870000$Eq65xK135TLRXfmJCAOscj$iV8M7hcgcFDe6uW3J42DWkHbVaSOlLlZerYM7R6UR9A=	2025-08-06 10:09:09.181251+00	f	jerlshin				f	t	2025-04-25 18:22:37.975701+00
\.


--
-- Data for Name: auth_user_groups; Type: TABLE DATA; Schema: public; Owner: master
--

COPY public.auth_user_groups (id, user_id, group_id) FROM stdin;
\.


--
-- Data for Name: auth_user_user_permissions; Type: TABLE DATA; Schema: public; Owner: master
--

COPY public.auth_user_user_permissions (id, user_id, permission_id) FROM stdin;
\.


--
-- Data for Name: django_admin_log; Type: TABLE DATA; Schema: public; Owner: master
--

COPY public.django_admin_log (id, action_time, object_id, object_repr, action_flag, change_message, content_type_id, user_id) FROM stdin;
\.


--
-- Data for Name: django_content_type; Type: TABLE DATA; Schema: public; Owner: master
--

COPY public.django_content_type (id, app_label, model) FROM stdin;
1	admin	logentry
2	auth	permission
3	auth	group
4	auth	user
5	contenttypes	contenttype
6	sessions	session
7	monitor	userinput
8	monitor	quote
9	monitor	calendartask
10	monitor	todotask
11	monitor	plan
12	monitor	branch
\.


--
-- Data for Name: django_migrations; Type: TABLE DATA; Schema: public; Owner: master
--

COPY public.django_migrations (id, app, name, applied) FROM stdin;
1	contenttypes	0001_initial	2025-04-23 10:58:03.219515+00
2	auth	0001_initial	2025-04-23 10:58:03.239598+00
3	admin	0001_initial	2025-04-23 10:58:03.252966+00
4	admin	0002_logentry_remove_auto_add	2025-04-23 10:58:03.257801+00
5	admin	0003_logentry_add_action_flag_choices	2025-04-23 10:58:03.262876+00
6	contenttypes	0002_remove_content_type_name	2025-04-23 10:58:03.272416+00
7	auth	0002_alter_permission_name_max_length	2025-04-23 10:58:03.278512+00
8	auth	0003_alter_user_email_max_length	2025-04-23 10:58:03.2848+00
9	auth	0004_alter_user_username_opts	2025-04-23 10:58:03.289561+00
10	auth	0005_alter_user_last_login_null	2025-04-23 10:58:03.29551+00
11	auth	0006_require_contenttypes_0002	2025-04-23 10:58:03.296837+00
12	auth	0007_alter_validators_add_error_messages	2025-04-23 10:58:03.30168+00
13	auth	0008_alter_user_username_max_length	2025-04-23 10:58:03.308112+00
14	auth	0009_alter_user_last_name_max_length	2025-04-23 10:58:03.313876+00
15	auth	0010_alter_group_name_max_length	2025-04-23 10:58:03.32058+00
16	auth	0011_update_proxy_permissions	2025-04-23 10:58:03.325467+00
17	auth	0012_alter_user_first_name_max_length	2025-04-23 10:58:03.331294+00
18	monitor	0001_initial	2025-04-23 10:58:03.334478+00
19	monitor	0002_rename_exercised_userinput_book_reading_and_more	2025-04-23 10:58:03.346695+00
20	monitor	0003_rename_prayed_for_world_peace_userinput_prayer_god	2025-04-23 10:58:03.349537+00
21	monitor	0004_rename_masturbated_userinput_maintained_purity	2025-04-23 10:58:03.352412+00
22	monitor	0005_quote	2025-04-23 10:58:03.355149+00
23	monitor	0006_calendartask_todotask	2025-04-23 10:58:03.358952+00
24	monitor	0007_rename_name_todotask_task_name_and_more	2025-04-23 10:58:03.36328+00
25	monitor	0008_alter_userinput_daily_summary_and_more	2025-04-23 10:58:03.366237+00
26	monitor	0009_plan_branch	2025-04-23 10:58:03.373522+00
27	sessions	0001_initial	2025-04-23 10:58:03.379384+00
\.


--
-- Data for Name: django_session; Type: TABLE DATA; Schema: public; Owner: master
--

COPY public.django_session (session_key, session_data, expire_date) FROM stdin;
zblg6gg14zsv94lrpr07m6xbkaoepgyk	.eJxVjEsOwiAUAO_C2hD-8Fy67xkIlPekamhS2pXx7oakC93OTObNYjr2Go-OW1wKuzLJLr8sp_mJbYjySO2-8nlt-7ZkPhJ-2s6nteDrdrZ_g5p6HduCVgRFpIU02ocknNOWlPCgjbNWeYMkgACUI2UQlUheUqYAJmcP7PMFraM2yQ:1uJXIR:EQxNhjMazpbZHidlre2WnSXlO-pqL0m8DLFBWmutr8w	2025-06-09 12:51:15.717979+00
yl1s28p8im6bxngv3x5syqwm8hij8oyn	.eJxVjEsOwiAUAO_C2hD-8Fy67xkIlPekamhS2pXx7oakC93OTObNYjr2Go-OW1wKuzLJLr8sp_mJbYjySO2-8nlt-7ZkPhJ-2s6nteDrdrZ_g5p6HduCVgRFpIU02ocknNOWlPCgjbNWeYMkgACUI2UQlUheUqYAJmcP7PMFraM2yQ:1uRYoB:HIpETH4fZycJDSk8m3dUOJRfK6HUoxyjowUQPOuR04s	2025-07-01 16:05:11.00458+00
xjragwn5kctmoid6xzca1bm0ndl6yq1t	.eJxVjEsOwiAUAO_C2hD-8Fy67xkIlPekamhS2pXx7oakC93OTObNYjr2Go-OW1wKuzLJLr8sp_mJbYjySO2-8nlt-7ZkPhJ-2s6nteDrdrZ_g5p6HduCVgRFpIU02ocknNOWlPCgjbNWeYMkgACUI2UQlUheUqYAJmcP7PMFraM2yQ:1ujb53:Z7nhJ3Z9iNbKV48MR510V9SL9qNt_VEO7eT_2hZEyn0	2025-08-20 10:09:09.188044+00
\.


--
-- Data for Name: monitor_branch; Type: TABLE DATA; Schema: public; Owner: master
--

COPY public.monitor_branch (id, name, notes, created_at, plan_id) FROM stdin;
32	Complete the full paper	Communicate to mam for further corrections.	2025-05-02 17:43:47.664991+00	19
37	Start with the Udemy course for few hours.	Start with the IELTS writing section and listening section.	2025-05-02 17:50:10.681048+00	21
38	Take mock test	Assess yourself with multiple mock tests. And improve your vocabulary. And try to use those new words in day-to-day life	2025-05-02 17:50:55.946331+00	21
49	Evolutionary Algorithm on top of my Ant Colony Optimization project	Also complete the related works	2025-05-08 10:54:20.138283+00	25
50	Exercise	Do 50 pushups, 50 squats, 5 mins plank, 50 crunches.	2025-05-08 16:14:16.328218+00	26
51	Spirituality	Read bible for 30 mins and prayer for 30 mins. It is must to lead a good life. Happiness or Sadness, have a stronghold in bible. Don't forsake the God. Have faith in him. Have hope in him. Love God. 	2025-05-08 16:16:20.117499+00	26
52	Body care	Take care of body, face, hair, nails, feet, mouth and other parts.	2025-05-08 16:19:37.984337+00	26
53	Learning new	Spend 1-hour daily learning a new skill, either it be Linux, music, calligraphy, or art. Learn something new every day. Hone your skill each and every day. Sharpen yourself daily.	2025-05-08 16:21:33.172758+00	26
54	Research	Spend 4 hours daily doing research work, either it be paper writing, implementation or rest. 	2025-05-08 16:22:14.071481+00	26
55	Work	Work with conscientiousness. Be grateful for what you have. Don't miss an opportunity without a plan.	2025-05-08 16:23:28.778699+00	26
56	Language	Spend 2 hours daily learning German language or English language.	2025-05-08 16:24:21.09291+00	26
57	Relationship	Improvise your relationship with parents, relatives and friends. Talk to someone daily. Be connected. Stay.	2025-05-08 16:26:50.677339+00	26
58	Large Language Model Operations (LLMOps) Specialization	Duke University	2025-05-09 16:21:25.073698+00	24
59	Machine Learning Operations (MLOps) Specialization	Duke University	2025-05-09 16:21:52.053955+00	24
60	Computational Neuroscience	University of Washington	2025-05-09 16:22:25.257467+00	24
61	Foundations of Data Structures and Algorithms Specialization	University of Colorado Boulder	2025-05-09 16:25:23.712884+00	24
62	Fundamentals of Reinforcement Learning	University of Alberta	2025-05-09 16:26:20.992402+00	24
63	Score above 8.5	No excuses.	2025-05-13 06:20:25.781067+00	21
64	Resume create using Europass App. 	Complete making the resume and refine it.	2025-06-17 16:08:34.677534+00	28
65	Finalize the two LORs and clear all the doubts	Make the LOR personalized and make it better	2025-06-17 16:29:32.841587+00	28
66	Refine the LOR from Rajalakshmi mam	You have to finish the kaggle training and insist on her to submit the paper 	2025-06-17 16:34:06.529515+00	28
67	Keep refining the SOP	Daily refine the SOP twice at least. Proofread it again and again until you make it. SOP speaks for itself. 	2025-06-17 17:12:43.927951+00	28
68	Understand the problem and work on it	You have to complete this progress and update.	2025-08-02 12:57:21.728149+00	20
69	LOR	Write a prompt LOR and get verified from Yocket	2025-08-02 12:57:34.479622+00	20
70	Muted Volume	When the system starts, make sure the volume is muted for whole system	2025-08-06 10:10:21.446699+00	29
\.


--
-- Data for Name: monitor_calendartask; Type: TABLE DATA; Schema: public; Owner: master
--

COPY public.monitor_calendartask (id, date, name, task_type, priority) FROM stdin;
\.


--
-- Data for Name: monitor_plan; Type: TABLE DATA; Schema: public; Owner: master
--

COPY public.monitor_plan (id, title, description, created_at) FROM stdin;
19	Finish the Seed paper	Change and refine the paper. Read the paper yourself multiple times and figure out the chances of making it better. Make the content better and be honest.	2025-05-02 17:42:51.138494+00
20	Work on the Gait analysis	Setup the full workflow for the signal labelling and at least get a proper progress	2025-05-02 17:44:34.937116+00
21	Prepare for IELTS	Start preparing for IELTS. Prepare for your goal. Go towards what you want.	2025-05-02 17:48:37.903276+00
24	Coursera learning	Study as much as you can while you can	2025-05-04 10:27:05.161008+00
25	Youtube completions	Finish all these courseworks and make your understanding better	2025-05-08 10:53:50.491402+00
26	Daily ToDo	Remember to keep hold of this. Just work for 4 more years. Just 4 years to change your life. Don't give up!	2025-05-08 16:12:44.300176+00
27	GRE prep	Hey, you are going to score above 330 in GRE this time. Once you lost, now, you are going to get it. No excuses. And in IELTS, score above 8.5	2025-05-13 06:20:09.660248+00
28	Documents writing	Complete submitting all the documents to the Yocket	2025-06-17 16:05:45.806645+00
29	Customize your Linux System	Make sure you have what you need. Consistency and time being spent matters	2025-08-06 10:09:47.206295+00
\.


--
-- Data for Name: monitor_quote; Type: TABLE DATA; Schema: public; Owner: master
--

COPY public.monitor_quote (id, text) FROM stdin;
1	Just enjoy life. Take it easy. Why so serious??
2	I'm a Joyboy. Joyboy has returned!!
3	Consider your future self in every present action.
\.


--
-- Data for Name: monitor_todotask; Type: TABLE DATA; Schema: public; Owner: master
--

COPY public.monitor_todotask (id, task_name) FROM stdin;
1	Enter the Dragon
2	Make sure you learn something new everyday
4	Finish the Seed paper as soon as possible
5	Complete the skin disease paper and send for update
6	Learn German language daily
7	I want to restore this laptop to its full potential and make it better.
8	betterfs and timeshift
\.


--
-- Data for Name: monitor_userinput; Type: TABLE DATA; Schema: public; Owner: master
--

COPY public.monitor_userinput (id, date, read_bible, cultivated_relationships, book_reading, exercised_or_played, hurt_someone, loved_someone, daily_summary, healthy_eating, maintained_purity, prayer_god, studying_machine_learning, wasted_time, woke_up_at_5am) FROM stdin;
1	2025-04-25	t	t	f	f	f	Afnan	Today, I went out with my friend Afnan and ate a lot of snacks. I learnt today that I should I not spend other's money, so, I paid her back and then, we are not speaking properly for few days due to misunderstanding. She always makes me upset and make me feel betrayed. I love her. But, I don't know if she truly loves me. I want everyone to love. I spoke to god for too long and Jesus answered. I will walk by the path of the God. I'll walk with god. From tomorrow, I will exercise and  be nice to everyone. No bitterness towards anyone, no overthinking. \r\n\r\nThank you jesus.	f	t	f	f	f	f
2	2025-05-26	f	f	f	f	t	Jesus	Today, Afnan Sheik Javeed got placed in a company for 5lpa. She used to cry to me about placement, and it has always been a burden to her. Today, she achieved sometime great and astounding. She got placed and had life cleared out. She will have a great life from now on. She won't complain. She will always be happy. And I'll be happy for her always. She truly deserves this.\r\nBut lately, all my good friends are ignoring me. No idea if they are doing it with conscious.\r\n\r\nI feel so demotivated and tired. I think I'm not doing really great. I'm leaving in lies. I'm totally living in lies and false world and false hopes and false dreams.\r\n\r\nI lie to myself daily. I have to true to myself. I have to be true to God, Jesus.\r\n\r\nYou have to trust the process. Great things take time. You have to have trust in Jesus Christ. Sometimes, you might lose everyone and everything. You have to get up and follow Jesus blindly. Trust the process and make the process trustable. Even if everyone leaves you, Jesus is always with you. Whenever I lose hope and find emptiness in myself, Jesus was and always has been my answer and good solution. Please trust God. And please walk with Jesus. \r\n\r\n\r\nHe loves you so much and yet you chose to ignore him. You were being ignored by your friends and families. You feel bitterness and have grudges against them. You are lost with that. But imagine someone who gave everything for you, gave his life. God descended from heaven to earth to pick you up. how can you disrespect him. How can you make this sacrifice go in vain. How can it be much inconsequential to you. You have to love him right back.\r\n\r\nGod is everything to you. Next to that, family is everything to you. I love all my friends and family. I want to make lot of good meaningful friends in my life. I don't want to lose anyone.\r\n\r\nDear God, I'm thankful for everything I have. I humbly accept everything life throws at me. I want to walk with you. I want to walk in the path you laid for me. Thank you God.	f	t	f	f	t	f
3	2025-05-28	f	t	f	t	f	Afnan	Today, I felt depressed and spoke to Sailesh and agreed to meet in the evening. And my brother attended VIT counselling and chose Mechanical courses from Vellore and Chennai campuses. I will fully study and work today without wasting any of the good time I am blessed with.	f	f	f	f	t	f
4	2025-06-18	f	t	f	t	f	Mom and Dad		t	f	f	t	f	f
5	2025-06-18	t	t	t	t	f	Jesus and parents		t	f	t	t	f	f
\.


--
-- Name: auth_group_id_seq; Type: SEQUENCE SET; Schema: public; Owner: master
--

SELECT pg_catalog.setval('public.auth_group_id_seq', 1, false);


--
-- Name: auth_group_permissions_id_seq; Type: SEQUENCE SET; Schema: public; Owner: master
--

SELECT pg_catalog.setval('public.auth_group_permissions_id_seq', 1, false);


--
-- Name: auth_permission_id_seq; Type: SEQUENCE SET; Schema: public; Owner: master
--

SELECT pg_catalog.setval('public.auth_permission_id_seq', 48, true);


--
-- Name: auth_user_groups_id_seq; Type: SEQUENCE SET; Schema: public; Owner: master
--

SELECT pg_catalog.setval('public.auth_user_groups_id_seq', 1, false);


--
-- Name: auth_user_id_seq; Type: SEQUENCE SET; Schema: public; Owner: master
--

SELECT pg_catalog.setval('public.auth_user_id_seq', 1, true);


--
-- Name: auth_user_user_permissions_id_seq; Type: SEQUENCE SET; Schema: public; Owner: master
--

SELECT pg_catalog.setval('public.auth_user_user_permissions_id_seq', 1, false);


--
-- Name: django_admin_log_id_seq; Type: SEQUENCE SET; Schema: public; Owner: master
--

SELECT pg_catalog.setval('public.django_admin_log_id_seq', 1, false);


--
-- Name: django_content_type_id_seq; Type: SEQUENCE SET; Schema: public; Owner: master
--

SELECT pg_catalog.setval('public.django_content_type_id_seq', 12, true);


--
-- Name: django_migrations_id_seq; Type: SEQUENCE SET; Schema: public; Owner: master
--

SELECT pg_catalog.setval('public.django_migrations_id_seq', 27, true);


--
-- Name: monitor_branch_id_seq; Type: SEQUENCE SET; Schema: public; Owner: master
--

SELECT pg_catalog.setval('public.monitor_branch_id_seq', 70, true);


--
-- Name: monitor_calendartask_id_seq; Type: SEQUENCE SET; Schema: public; Owner: master
--

SELECT pg_catalog.setval('public.monitor_calendartask_id_seq', 18, true);


--
-- Name: monitor_plan_id_seq; Type: SEQUENCE SET; Schema: public; Owner: master
--

SELECT pg_catalog.setval('public.monitor_plan_id_seq', 29, true);


--
-- Name: monitor_quote_id_seq; Type: SEQUENCE SET; Schema: public; Owner: master
--

SELECT pg_catalog.setval('public.monitor_quote_id_seq', 3, true);


--
-- Name: monitor_todotask_id_seq; Type: SEQUENCE SET; Schema: public; Owner: master
--

SELECT pg_catalog.setval('public.monitor_todotask_id_seq', 8, true);


--
-- Name: monitor_userinput_id_seq; Type: SEQUENCE SET; Schema: public; Owner: master
--

SELECT pg_catalog.setval('public.monitor_userinput_id_seq', 5, true);


--
-- Name: auth_group auth_group_name_key; Type: CONSTRAINT; Schema: public; Owner: master
--

ALTER TABLE ONLY public.auth_group
    ADD CONSTRAINT auth_group_name_key UNIQUE (name);


--
-- Name: auth_group_permissions auth_group_permissions_group_id_permission_id_0cd325b0_uniq; Type: CONSTRAINT; Schema: public; Owner: master
--

ALTER TABLE ONLY public.auth_group_permissions
    ADD CONSTRAINT auth_group_permissions_group_id_permission_id_0cd325b0_uniq UNIQUE (group_id, permission_id);


--
-- Name: auth_group_permissions auth_group_permissions_pkey; Type: CONSTRAINT; Schema: public; Owner: master
--

ALTER TABLE ONLY public.auth_group_permissions
    ADD CONSTRAINT auth_group_permissions_pkey PRIMARY KEY (id);


--
-- Name: auth_group auth_group_pkey; Type: CONSTRAINT; Schema: public; Owner: master
--

ALTER TABLE ONLY public.auth_group
    ADD CONSTRAINT auth_group_pkey PRIMARY KEY (id);


--
-- Name: auth_permission auth_permission_content_type_id_codename_01ab375a_uniq; Type: CONSTRAINT; Schema: public; Owner: master
--

ALTER TABLE ONLY public.auth_permission
    ADD CONSTRAINT auth_permission_content_type_id_codename_01ab375a_uniq UNIQUE (content_type_id, codename);


--
-- Name: auth_permission auth_permission_pkey; Type: CONSTRAINT; Schema: public; Owner: master
--

ALTER TABLE ONLY public.auth_permission
    ADD CONSTRAINT auth_permission_pkey PRIMARY KEY (id);


--
-- Name: auth_user_groups auth_user_groups_pkey; Type: CONSTRAINT; Schema: public; Owner: master
--

ALTER TABLE ONLY public.auth_user_groups
    ADD CONSTRAINT auth_user_groups_pkey PRIMARY KEY (id);


--
-- Name: auth_user_groups auth_user_groups_user_id_group_id_94350c0c_uniq; Type: CONSTRAINT; Schema: public; Owner: master
--

ALTER TABLE ONLY public.auth_user_groups
    ADD CONSTRAINT auth_user_groups_user_id_group_id_94350c0c_uniq UNIQUE (user_id, group_id);


--
-- Name: auth_user auth_user_pkey; Type: CONSTRAINT; Schema: public; Owner: master
--

ALTER TABLE ONLY public.auth_user
    ADD CONSTRAINT auth_user_pkey PRIMARY KEY (id);


--
-- Name: auth_user_user_permissions auth_user_user_permissions_pkey; Type: CONSTRAINT; Schema: public; Owner: master
--

ALTER TABLE ONLY public.auth_user_user_permissions
    ADD CONSTRAINT auth_user_user_permissions_pkey PRIMARY KEY (id);


--
-- Name: auth_user_user_permissions auth_user_user_permissions_user_id_permission_id_14a6b632_uniq; Type: CONSTRAINT; Schema: public; Owner: master
--

ALTER TABLE ONLY public.auth_user_user_permissions
    ADD CONSTRAINT auth_user_user_permissions_user_id_permission_id_14a6b632_uniq UNIQUE (user_id, permission_id);


--
-- Name: auth_user auth_user_username_key; Type: CONSTRAINT; Schema: public; Owner: master
--

ALTER TABLE ONLY public.auth_user
    ADD CONSTRAINT auth_user_username_key UNIQUE (username);


--
-- Name: django_admin_log django_admin_log_pkey; Type: CONSTRAINT; Schema: public; Owner: master
--

ALTER TABLE ONLY public.django_admin_log
    ADD CONSTRAINT django_admin_log_pkey PRIMARY KEY (id);


--
-- Name: django_content_type django_content_type_app_label_model_76bd3d3b_uniq; Type: CONSTRAINT; Schema: public; Owner: master
--

ALTER TABLE ONLY public.django_content_type
    ADD CONSTRAINT django_content_type_app_label_model_76bd3d3b_uniq UNIQUE (app_label, model);


--
-- Name: django_content_type django_content_type_pkey; Type: CONSTRAINT; Schema: public; Owner: master
--

ALTER TABLE ONLY public.django_content_type
    ADD CONSTRAINT django_content_type_pkey PRIMARY KEY (id);


--
-- Name: django_migrations django_migrations_pkey; Type: CONSTRAINT; Schema: public; Owner: master
--

ALTER TABLE ONLY public.django_migrations
    ADD CONSTRAINT django_migrations_pkey PRIMARY KEY (id);


--
-- Name: django_session django_session_pkey; Type: CONSTRAINT; Schema: public; Owner: master
--

ALTER TABLE ONLY public.django_session
    ADD CONSTRAINT django_session_pkey PRIMARY KEY (session_key);


--
-- Name: monitor_branch monitor_branch_pkey; Type: CONSTRAINT; Schema: public; Owner: master
--

ALTER TABLE ONLY public.monitor_branch
    ADD CONSTRAINT monitor_branch_pkey PRIMARY KEY (id);


--
-- Name: monitor_calendartask monitor_calendartask_pkey; Type: CONSTRAINT; Schema: public; Owner: master
--

ALTER TABLE ONLY public.monitor_calendartask
    ADD CONSTRAINT monitor_calendartask_pkey PRIMARY KEY (id);


--
-- Name: monitor_plan monitor_plan_pkey; Type: CONSTRAINT; Schema: public; Owner: master
--

ALTER TABLE ONLY public.monitor_plan
    ADD CONSTRAINT monitor_plan_pkey PRIMARY KEY (id);


--
-- Name: monitor_quote monitor_quote_pkey; Type: CONSTRAINT; Schema: public; Owner: master
--

ALTER TABLE ONLY public.monitor_quote
    ADD CONSTRAINT monitor_quote_pkey PRIMARY KEY (id);


--
-- Name: monitor_todotask monitor_todotask_pkey; Type: CONSTRAINT; Schema: public; Owner: master
--

ALTER TABLE ONLY public.monitor_todotask
    ADD CONSTRAINT monitor_todotask_pkey PRIMARY KEY (id);


--
-- Name: monitor_userinput monitor_userinput_pkey; Type: CONSTRAINT; Schema: public; Owner: master
--

ALTER TABLE ONLY public.monitor_userinput
    ADD CONSTRAINT monitor_userinput_pkey PRIMARY KEY (id);


--
-- Name: auth_group_name_a6ea08ec_like; Type: INDEX; Schema: public; Owner: master
--

CREATE INDEX auth_group_name_a6ea08ec_like ON public.auth_group USING btree (name varchar_pattern_ops);


--
-- Name: auth_group_permissions_group_id_b120cbf9; Type: INDEX; Schema: public; Owner: master
--

CREATE INDEX auth_group_permissions_group_id_b120cbf9 ON public.auth_group_permissions USING btree (group_id);


--
-- Name: auth_group_permissions_permission_id_84c5c92e; Type: INDEX; Schema: public; Owner: master
--

CREATE INDEX auth_group_permissions_permission_id_84c5c92e ON public.auth_group_permissions USING btree (permission_id);


--
-- Name: auth_permission_content_type_id_2f476e4b; Type: INDEX; Schema: public; Owner: master
--

CREATE INDEX auth_permission_content_type_id_2f476e4b ON public.auth_permission USING btree (content_type_id);


--
-- Name: auth_user_groups_group_id_97559544; Type: INDEX; Schema: public; Owner: master
--

CREATE INDEX auth_user_groups_group_id_97559544 ON public.auth_user_groups USING btree (group_id);


--
-- Name: auth_user_groups_user_id_6a12ed8b; Type: INDEX; Schema: public; Owner: master
--

CREATE INDEX auth_user_groups_user_id_6a12ed8b ON public.auth_user_groups USING btree (user_id);


--
-- Name: auth_user_user_permissions_permission_id_1fbb5f2c; Type: INDEX; Schema: public; Owner: master
--

CREATE INDEX auth_user_user_permissions_permission_id_1fbb5f2c ON public.auth_user_user_permissions USING btree (permission_id);


--
-- Name: auth_user_user_permissions_user_id_a95ead1b; Type: INDEX; Schema: public; Owner: master
--

CREATE INDEX auth_user_user_permissions_user_id_a95ead1b ON public.auth_user_user_permissions USING btree (user_id);


--
-- Name: auth_user_username_6821ab7c_like; Type: INDEX; Schema: public; Owner: master
--

CREATE INDEX auth_user_username_6821ab7c_like ON public.auth_user USING btree (username varchar_pattern_ops);


--
-- Name: django_admin_log_content_type_id_c4bce8eb; Type: INDEX; Schema: public; Owner: master
--

CREATE INDEX django_admin_log_content_type_id_c4bce8eb ON public.django_admin_log USING btree (content_type_id);


--
-- Name: django_admin_log_user_id_c564eba6; Type: INDEX; Schema: public; Owner: master
--

CREATE INDEX django_admin_log_user_id_c564eba6 ON public.django_admin_log USING btree (user_id);


--
-- Name: django_session_expire_date_a5c62663; Type: INDEX; Schema: public; Owner: master
--

CREATE INDEX django_session_expire_date_a5c62663 ON public.django_session USING btree (expire_date);


--
-- Name: django_session_session_key_c0390e0f_like; Type: INDEX; Schema: public; Owner: master
--

CREATE INDEX django_session_session_key_c0390e0f_like ON public.django_session USING btree (session_key varchar_pattern_ops);


--
-- Name: monitor_branch_plan_id_8c458b26; Type: INDEX; Schema: public; Owner: master
--

CREATE INDEX monitor_branch_plan_id_8c458b26 ON public.monitor_branch USING btree (plan_id);


--
-- Name: auth_group_permissions auth_group_permissio_permission_id_84c5c92e_fk_auth_perm; Type: FK CONSTRAINT; Schema: public; Owner: master
--

ALTER TABLE ONLY public.auth_group_permissions
    ADD CONSTRAINT auth_group_permissio_permission_id_84c5c92e_fk_auth_perm FOREIGN KEY (permission_id) REFERENCES public.auth_permission(id) DEFERRABLE INITIALLY DEFERRED;


--
-- Name: auth_group_permissions auth_group_permissions_group_id_b120cbf9_fk_auth_group_id; Type: FK CONSTRAINT; Schema: public; Owner: master
--

ALTER TABLE ONLY public.auth_group_permissions
    ADD CONSTRAINT auth_group_permissions_group_id_b120cbf9_fk_auth_group_id FOREIGN KEY (group_id) REFERENCES public.auth_group(id) DEFERRABLE INITIALLY DEFERRED;


--
-- Name: auth_permission auth_permission_content_type_id_2f476e4b_fk_django_co; Type: FK CONSTRAINT; Schema: public; Owner: master
--

ALTER TABLE ONLY public.auth_permission
    ADD CONSTRAINT auth_permission_content_type_id_2f476e4b_fk_django_co FOREIGN KEY (content_type_id) REFERENCES public.django_content_type(id) DEFERRABLE INITIALLY DEFERRED;


--
-- Name: auth_user_groups auth_user_groups_group_id_97559544_fk_auth_group_id; Type: FK CONSTRAINT; Schema: public; Owner: master
--

ALTER TABLE ONLY public.auth_user_groups
    ADD CONSTRAINT auth_user_groups_group_id_97559544_fk_auth_group_id FOREIGN KEY (group_id) REFERENCES public.auth_group(id) DEFERRABLE INITIALLY DEFERRED;


--
-- Name: auth_user_groups auth_user_groups_user_id_6a12ed8b_fk_auth_user_id; Type: FK CONSTRAINT; Schema: public; Owner: master
--

ALTER TABLE ONLY public.auth_user_groups
    ADD CONSTRAINT auth_user_groups_user_id_6a12ed8b_fk_auth_user_id FOREIGN KEY (user_id) REFERENCES public.auth_user(id) DEFERRABLE INITIALLY DEFERRED;


--
-- Name: auth_user_user_permissions auth_user_user_permi_permission_id_1fbb5f2c_fk_auth_perm; Type: FK CONSTRAINT; Schema: public; Owner: master
--

ALTER TABLE ONLY public.auth_user_user_permissions
    ADD CONSTRAINT auth_user_user_permi_permission_id_1fbb5f2c_fk_auth_perm FOREIGN KEY (permission_id) REFERENCES public.auth_permission(id) DEFERRABLE INITIALLY DEFERRED;


--
-- Name: auth_user_user_permissions auth_user_user_permissions_user_id_a95ead1b_fk_auth_user_id; Type: FK CONSTRAINT; Schema: public; Owner: master
--

ALTER TABLE ONLY public.auth_user_user_permissions
    ADD CONSTRAINT auth_user_user_permissions_user_id_a95ead1b_fk_auth_user_id FOREIGN KEY (user_id) REFERENCES public.auth_user(id) DEFERRABLE INITIALLY DEFERRED;


--
-- Name: django_admin_log django_admin_log_content_type_id_c4bce8eb_fk_django_co; Type: FK CONSTRAINT; Schema: public; Owner: master
--

ALTER TABLE ONLY public.django_admin_log
    ADD CONSTRAINT django_admin_log_content_type_id_c4bce8eb_fk_django_co FOREIGN KEY (content_type_id) REFERENCES public.django_content_type(id) DEFERRABLE INITIALLY DEFERRED;


--
-- Name: django_admin_log django_admin_log_user_id_c564eba6_fk_auth_user_id; Type: FK CONSTRAINT; Schema: public; Owner: master
--

ALTER TABLE ONLY public.django_admin_log
    ADD CONSTRAINT django_admin_log_user_id_c564eba6_fk_auth_user_id FOREIGN KEY (user_id) REFERENCES public.auth_user(id) DEFERRABLE INITIALLY DEFERRED;


--
-- Name: monitor_branch monitor_branch_plan_id_8c458b26_fk_monitor_plan_id; Type: FK CONSTRAINT; Schema: public; Owner: master
--

ALTER TABLE ONLY public.monitor_branch
    ADD CONSTRAINT monitor_branch_plan_id_8c458b26_fk_monitor_plan_id FOREIGN KEY (plan_id) REFERENCES public.monitor_plan(id) DEFERRABLE INITIALLY DEFERRED;


--
-- PostgreSQL database dump complete
--

